facebook.com,157.240.13.35,407,/127.0.0.1
eforms.com,104.26.0.24,412,/127.0.0.1
beta.character.ai,104.18.223.226_104.18.222.226_,507,/127.0.0.1
ip-watch.org,83.166.133.6_128.65.195.152_,409,/127.0.0.1
paulickreport.com,151.101.130.98,407,/127.0.0.1
teachinginhighered.com,141.193.213.10,70,/127.0.0.1
nilsfrahm.com,null,80,/127.0.0.1
vectorstock.com,99.86.47.23_99.86.47.59_99.86.47.58_99.86.47.57_,540,/127.0.0.1
simpleicons.org,185.199.108.153_185.199.109.153_185.199.110.153_,403,/127.0.0.1
healthyamericans.org,104.21.51.25,451,/127.0.0.1
thv11.com,54.68.182.72_34.213.106.51_,431,/127.0.0.1
justluxe.com,50.28.36.212,397,/127.0.0.1
mhlnews.com,89.106.200.1,205,/127.0.0.1
xoomer.alice.it,213.209.30.138,222,/127.0.0.1
urukia.com,104.21.27.185_172.67.143.113_,266,/127.0.0.1
opendata.go.ke,169.239.252.108,220,/127.0.0.1
statistik.d-u-v.org,45.153.58.2,415,/127.0.0.1
icomos.org,37.59.136.183,217,/127.0.0.1
plantsoftheworldonline.org,213.48.60.82,408,/127.0.0.1
kaskus.co.id,103.6.117.2_103.6.117.3_,212,/127.0.0.1
projects.csail.mit.edu,128.30.2.143,211,/127.0.0.1
waverlyfilms.com,143.95.40.169,200,/127.0.0.1
scp-wiki.net,162.255.119.159,420,/127.0.0.1
orangebowl.org,null,250,/127.0.0.1
idexx.com,72.55.246.191,405,/127.0.0.1
solutionsinfini.com,18.66.63.8,421,/127.0.0.1
lr21.com.uy,46.105.165.183,417,/127.0.0.1
slotmitosbet27.weebly.com,199.34.228.54_199.34.228.53_,389,/127.0.0.1
solaresearch.org,209.217.212.158,726,/127.0.0.1
japaneseapp.com,108.158.245.47_108.158.245.49_18.164.202.37_18.164.202.34_108.158.245.53_,293,/127.0.0.1
knewton.com,34.213.106.51_54.68.182.72_,194,/127.0.0.1
wakingbraincells.com,192.0.78.24,403,/127.0.0.1
urlesque.com,null,197,/127.0.0.1
snobette.com,141.193.213.11_141.193.213.10_,382,/127.0.0.1
sti.nasa.gov,161.40.161.175,405,/127.0.0.1
montrealethics.ai,172.67.171.86,261,/127.0.0.1
sewcanshe.com,104.18.7.55,223,/127.0.0.1
8203246.fls.doubleclick.net,142.250.192.70_142.250.192.38_,397,/127.0.0.1
picryl.com,104.26.4.111_172.67.73.118_104.26.5.111_,401,/127.0.0.1
iipdigital.usembassy.gov,104.17.114.24_104.17.112.24_104.17.116.24_,571,/127.0.0.1
frankenpost.de,195.50.179.148,400,/127.0.0.1
perezhilton.com,104.26.1.93_104.26.0.93_172.67.71.193_,539,/127.0.0.1
hexchat.github.io,185.199.109.153_185.199.108.153_185.199.110.153_185.199.111.153_,389,/127.0.0.1
jamesdigioia.com,76.76.21.21,415,/127.0.0.1
comics.com,null_null_null_null_null_,426,/127.0.0.1
goodereader.com,18.164.202.97_18.164.202.64_18.164.202.112_18.164.202.44_,884,/127.0.0.1
lightgalleryjs.com,185.199.108.153_185.199.109.153_185.199.111.153_,197,/127.0.0.1
aye.sh,8.9.5.7,283,/127.0.0.1
goteborg.se,62.88.152.18,534,/127.0.0.1
9537712.fls.doubleclick.net,142.250.192.70_142.250.192.38_,220,/127.0.0.1
rave.ohiolink.edu,131.187.124.155,520,/127.0.0.1
kenrockwell.com,104.26.8.129_172.67.69.88_104.26.9.129_,199,/127.0.0.1
canon.jp,45.60.39.66,232,/127.0.0.1
campspot.com,44.212.226.137_3.211.254.32_3.94.45.118_100.24.0.52_34.199.93.189_,396,/127.0.0.1
findithockinghills.com,192.64.119.67,292,/127.0.0.1
daggle.com,208.80.5.147,205,/127.0.0.1
nadasdymuzeum.hu,185.80.49.249,385,/127.0.0.1
powerhousemuseum.com,76.76.21.21,441,/127.0.0.1
hrcr.org,104.21.4.155,551,/127.0.0.1
cdn.website-editor.net,18.66.78.120_18.66.78.10_,284,/127.0.0.1
stlmag.com,75.101.132.169,264,/127.0.0.1
monetha.io,172.67.71.120,419,/127.0.0.1
thinkingfaith.org,172.67.133.130,196,/127.0.0.1
lco.global,null,416,/127.0.0.1
linphone.org,5.135.31.160,425,/127.0.0.1
erc1404.org,185.199.108.153,406,/127.0.0.1
sketchbookskool.com,69.27.102.3,284,/127.0.0.1
8909072.fls.doubleclick.net,142.250.192.38,195,/127.0.0.1
baltic-course.com,172.67.185.172,403,/127.0.0.1
treblezine.com,172.67.195.72_104.21.92.151_,403,/127.0.0.1
swedenabroad.com,217.114.94.2,425,/127.0.0.1
patentscope.wipo.int,193.5.93.76,448,/127.0.0.1
grimmdude.com,185.199.109.153_185.199.110.153_185.199.108.153_185.199.111.153_,492,/127.0.0.1
energycharter.org,137.74.178.129,205,/127.0.0.1
dawateislami.net,3.132.151.128_3.143.106.220_3.131.43.102_,549,/127.0.0.1
engineering.tamu.edu,18.164.188.14,425,/127.0.0.1
climateaction.org,13.43.244.22,272,/127.0.0.1
awwa.org,13.66.240.245,273,/127.0.0.1
visordown.com,34.107.197.105,201,/127.0.0.1
aeroleads.com,18.164.246.85_18.164.246.122_,638,/127.0.0.1
tyndalehouse.com,104.19.191.28,382,/127.0.0.1
scrum.org,34.196.249.13_52.86.199.135_34.234.16.162_34.232.88.68_,447,/127.0.0.1
prototypr.io,76.76.21.21,201,/127.0.0.1
project.wnyc.org,13.225.239.112_13.225.239.71_52.84.45.7_52.84.45.129_52.84.45.33_,206,/127.0.0.1
firesticktricks.com,172.66.43.6_172.66.40.250_,305,/127.0.0.1
simplebites.net,172.67.176.135,277,/127.0.0.1
westeros.org,104.26.11.184_104.26.10.184_172.67.74.15_,390,/127.0.0.1
ninersnation.com,199.232.197.246,201,/127.0.0.1
anylaw.com,52.43.202.150_54.184.103.72_54.71.124.27_34.218.220.222_,213,/127.0.0.1
richmediastudio.com,62.36.229.31,424,/127.0.0.1
packet.net,104.18.159.21,262,/127.0.0.1
government.zdnet.com,null_null_,82,/127.0.0.1
fireeye.com,162.159.246.125,465,/127.0.0.1
binnys.com,104.18.1.12,382,/127.0.0.1
headliner.app,35.212.27.18,202,/127.0.0.1
6810809.fls.doubleclick.net,142.250.192.38,211,/127.0.0.1
altreconomia.it,23.88.103.163,208,/127.0.0.1
spendee.com,35.201.111.49,424,/127.0.0.1
recenter.tamu.edu,23.101.182.245,197,/127.0.0.1
cosmiccrisp.com,35.215.95.61,285,/127.0.0.1
4483104.fls.doubleclick.net,142.250.192.70_142.250.192.38_,87,/127.0.0.1
dentalhealth.org,34.224.160.149,430,/127.0.0.1
phish.com,141.193.213.11,400,/127.0.0.1
art.net,164.92.87.132,72,/127.0.0.1
baskinrobbins.com,54.161.253.135_52.7.9.193_,287,/127.0.0.1
ethnomusic.ucla.edu,null,393,/127.0.0.1
theedgemalaysia.com,104.22.16.88_172.67.10.142_104.22.17.88_,430,/127.0.0.1
evwest.com,67.20.112.229,419,/127.0.0.1
blog.thunderbird.net,141.193.213.10,419,/127.0.0.1
krokotak.com,144.76.31.37,500,/127.0.0.1
cnv.event.prod.bidr.io,54.150.2.79_13.114.60.226_18.182.196.95_3.114.225.195_,541,/127.0.0.1
industryweek.com,89.106.200.1,226,/127.0.0.1
morganlewis.com,23.100.43.208,553,/127.0.0.1
10190913.fls.doubleclick.net,142.250.192.70_142.250.192.38_,415,/127.0.0.1
community.cookiepro.com,104.18.40.148_172.64.147.108_,100,/127.0.0.1
hypertext.rmit.edu.au,null,402,/127.0.0.1
four-magazine.com,162.240.13.102,210,/127.0.0.1
ajax.aspnetcdn.com,117.18.232.200,452,/127.0.0.1
libraries.indiana.edu,156.56.241.36,263,/127.0.0.1
interactadvocates.org,160.153.0.48,267,/127.0.0.1
jaxa.jp,null_null_null_null_null_,411,/127.0.0.1
kinopoisk.ru,213.180.199.9,256,/127.0.0.1
viaggi.corriere.it,13.225.239.28_13.225.239.72_18.161.97.54_18.161.97.21_,449,/127.0.0.1
forum18.org,185.102.215.169,277,/127.0.0.1
hepsiburada.com,85.111.45.200,206,/127.0.0.1
ebiquity.umbc.edu,130.85.36.94,403,/127.0.0.1
duluthtrading.com,15.197.142.173_3.33.152.147_,389,/127.0.0.1
mozilla-europe.org,null,385,/127.0.0.1
sffs.org,184.154.210.199,430,/127.0.0.1
constantcontact.com,208.75.122.14,219,/127.0.0.1
dennis7dees.com,null,374,/127.0.0.1
bootstrapped.ventures,141.193.213.21,209,/127.0.0.1
12659668.fls.doubleclick.net,142.250.192.38,228,/127.0.0.1
sigaccess.org,null,83,/127.0.0.1
mosparo.io,158.247.236.24,201,/127.0.0.1
rethinkdb.com,13.215.144.61,300,/127.0.0.1
intl.target.com,null,218,/127.0.0.1
tr.im,104.21.82.157_172.67.158.243_,193,/127.0.0.1
energylivenews.com,104.26.2.162_104.26.3.162_172.67.69.13_,431,/127.0.0.1
accessexcellence.org,172.67.138.206,206,/127.0.0.1
pds.jpl.nasa.gov,108.158.221.74,412,/127.0.0.1
ilgiornale.it,52.18.254.95_54.194.182.215_54.216.205.85_54.194.79.225_52.17.46.254_,884,/127.0.0.1
veterinaryworld.org,103.50.160.62,239,/127.0.0.1
sq-trk.gammaplatform.com,35.240.227.154,199,/127.0.0.1
musicplayer.sourceforge.net,172.64.150.145,219,/127.0.0.1
godyears.net,216.239.38.21,226,/127.0.0.1
citation.allacademic.com,69.59.196.171,238,/127.0.0.1
blog.okfn.org,172.67.69.41_104.26.8.111_,242,/127.0.0.1
mfa.is,104.26.0.169,205,/127.0.0.1
audi.in,143.164.101.67,206,/127.0.0.1
screenshotmachine.com,172.67.216.179_104.21.93.239_,224,/127.0.0.1
push.statuscake.com,206.189.228.45,472,/127.0.0.1
rarevision.com,192.9.247.7,212,/127.0.0.1
dogtv.com,199.60.103.31,274,/127.0.0.1
us4.campaign-archive1.com,null,290,/127.0.0.1
jerrydallal.com,192.124.249.125,195,/127.0.0.1
cubaencuentro.com,104.26.7.69,386,/127.0.0.1
jwtintelligence.com,null,400,/127.0.0.1
oikosyogurt.com,52.89.228.168,471,/127.0.0.1
manitobachiefs.com,151.101.66.159,416,/127.0.0.1
dl.dropbox.com,162.125.81.15,405,/127.0.0.1
lbbe.univ-lyon1.fr,134.214.35.216,273,/127.0.0.1
lecinemaclub.com,34.174.247.49,398,/127.0.0.1
a11yproject.com,52.74.166.77_18.139.194.139_13.215.144.61_13.251.96.10_13.228.199.255_,71,/127.0.0.1
learningjquery.com,172.67.185.21,409,/127.0.0.1
sustainabilityexchange.ac.uk,217.10.155.157,202,/127.0.0.1
swr.de,34.120.237.106,396,/127.0.0.1
avl.nl,93.119.2.168,208,/127.0.0.1
peterme.com,208.113.223.12,210,/127.0.0.1
direct2drive.com,54.183.81.60,516,/127.0.0.1
codeamp.com,35.197.208.207,203,/127.0.0.1
biggestloser.com,165.160.15.20_165.160.13.20_,525,/127.0.0.1
evanmiller.org,52.14.172.252,404,/127.0.0.1
realtormag.realtor.org,null,193,/127.0.0.1
operaamerica.org,38.88.146.123,212,/127.0.0.1
alicecooper.com,151.101.194.159,211,/127.0.0.1
montreal.ca,104.18.7.89_104.18.6.89_,330,/127.0.0.1
weblogs.java.net,23.212.254.32_23.212.254.34_23.57.74.73_,298,/127.0.0.1
laphamsquarterly.org,54.148.138.28,396,/127.0.0.1
cyrildumoulin.com,217.160.0.144,420,/127.0.0.1
keymantics.com,188.165.61.82,285,/127.0.0.1
cjcj.org,24.199.98.145,420,/127.0.0.1
techgoondu.com,117.120.7.49,230,/127.0.0.1
tvzvezda.ru,178.248.234.76,400,/127.0.0.1
theolivepress.es,104.21.2.199_172.67.129.155_,409,/127.0.0.1
foia.fbi.gov,104.16.149.244,297,/127.0.0.1
edu.pe.ca,null,388,/127.0.0.1
google.kz,142.251.42.100_142.250.71.100_,414,/127.0.0.1
africa.espn.com,52.84.206.12,268,/127.0.0.1
laughingmeme.org,50.116.51.224,413,/127.0.0.1
nanograv.org,23.185.0.4,277,/127.0.0.1
151057.ru,31.31.196.198,205,/127.0.0.1
le10sport.com,104.18.40.149,205,/127.0.0.1
aubullion.ca,69.16.254.223,211,/127.0.0.1
hippasus.com,216.92.11.199,391,/127.0.0.1
ontarionature.org,74.208.236.174,394,/127.0.0.1
translate.google.co.jp,142.250.70.67,207,/127.0.0.1
consiglioveneto.it,131.1.221.88,401,/127.0.0.1
pegasusarchive.org,35.175.71.22,401,/127.0.0.1
connectwise.com,217.114.94.2,398,/127.0.0.1
biggby.com,3.133.49.97_3.141.70.34_18.191.58.89_3.136.90.154_18.220.161.34_,408,/127.0.0.1
thehogring.com,104.193.142.37,438,/127.0.0.1
shocktillyoudrop.com,104.21.21.244_172.67.201.113_,218,/127.0.0.1
11529965.fls.doubleclick.net,142.250.192.38,407,/127.0.0.1
longtailnature.jp,null_null_null_null_null_,398,/127.0.0.1
jisho.org,149.56.18.207,200,/127.0.0.1
sportscasting.com,192.0.66.174,437,/127.0.0.1
rhs.org.uk,104.18.9.251_104.18.8.251_,407,/127.0.0.1
davebrubeck.com,198.185.159.145,196,/127.0.0.1
arts.uwaterloo.ca,129.97.222.17,605,/127.0.0.1
gamewright.com,104.21.71.187_172.67.148.18_,417,/127.0.0.1
10195106.fls.doubleclick.net,142.250.192.70_142.250.192.38_,385,/127.0.0.1
danskebank.dk,212.93.61.104,279,/127.0.0.1
www3.interscience.wiley.com,63.97.118.67,396,/127.0.0.1
gshow.globo.com,34.160.147.185,115,/127.0.0.1
qotsa.com,18.217.136.27,287,/127.0.0.1
spatialreference.org,185.199.108.153_185.199.109.153_185.199.111.153_,405,/127.0.0.1
memrise.com,34.199.223.46_35.172.169.193_18.204.109.29_54.88.196.184_3.233.230.85_,402,/127.0.0.1
s22.postimg.org,null_null_,408,/127.0.0.1
wikia.com,151.101.192.194_151.101.64.194_151.101.128.194_151.101.0.194_,384,/127.0.0.1
uship.com,104.18.255.157_104.18.112.241_,88,/127.0.0.1
sj.se,217.213.30.54,397,/127.0.0.1
cuahsi.org,67.222.29.10,285,/127.0.0.1
labor.ny.gov,104.18.25.39,621,/127.0.0.1
airvectors.net,65.254.227.224,384,/127.0.0.1
10420805.fls.doubleclick.net,142.250.192.70_142.250.192.38_,397,/127.0.0.1
askmen.com,104.18.34.84_172.64.153.172_,218,/127.0.0.1
research.kent.ac.uk,178.79.146.150_178.79.144.160_,399,/127.0.0.1
growthjournal.app,172.67.128.128_104.21.1.40_,208,/127.0.0.1
asha.org,104.22.36.83_172.67.38.189_104.22.37.83_,410,/127.0.0.1
fhw.gr,83.174.152.83,201,/127.0.0.1
people.pwf.cam.ac.uk,128.232.132.70,204,/127.0.0.1
dummyimage.com,104.21.32.200_172.67.154.145_,219,/127.0.0.1
pcl.com,151.101.195.10,423,/127.0.0.1
acaai.org,141.193.213.10_141.193.213.11_,525,/127.0.0.1
climate.weatheroffice.ec.gc.ca,null,190,/127.0.0.1
wmsym.org,3.130.199.19,407,/127.0.0.1
gullfoss2.fcc.gov,null,386,/127.0.0.1
techhive.com,192.0.66.96,203,/127.0.0.1
britishempire.co.uk,83.170.108.223,104,/127.0.0.1
comptroller.nyc.gov,107.154.251.20,525,/127.0.0.1
artrabbit.com,130.211.100.21,285,/127.0.0.1
jornaleconomico.sapo.pt,94.46.20.150_185.15.23.159_,304,/127.0.0.1
defense-92.fr,null,193,/127.0.0.1
audi.com,143.164.101.69,217,/127.0.0.1
browsers.evolt.org,51.77.103.1,528,/127.0.0.1
ndjson.org,104.21.88.94_172.67.175.144_,407,/127.0.0.1
civicplus.com,104.18.14.230,420,/127.0.0.1
westernstatescenter.org,198.49.23.144,416,/127.0.0.1
canon.co.uk,20.113.157.133,528,/127.0.0.1
adverity.com,18.164.188.76,210,/127.0.0.1
cnewsly.blogspot.fr,142.250.183.129,271,/127.0.0.1
idg.se,13.225.239.49_13.225.239.124_54.230.112.60_54.230.112.5_54.230.112.56_,410,/127.0.0.1
pecb.com,34.194.156.156,230,/127.0.0.1
theinternetpatrol.com,45.63.64.180,439,/127.0.0.1
blog.adobe.com,184.27.197.88_184.27.197.24_117.239.91.73_23.223.243.57_,234,/127.0.0.1
oodle.com,172.67.2.208,515,/127.0.0.1
edensgarden.com,23.227.38.65,408,/127.0.0.1
mancunion.com,172.67.181.88,412,/127.0.0.1
web.si.umich.edu,63.135.96.220,215,/127.0.0.1
cnewsnews.blogspot.fr,142.250.183.129,200,/127.0.0.1
gira-bicicletasdelisboa.pt,null,377,/127.0.0.1
garlandmag.com,110.232.143.97,217,/127.0.0.1
11514858.fls.doubleclick.net,142.250.192.38,406,/127.0.0.1
tudorsociety.com,13.127.112.8_43.204.131.54_,410,/127.0.0.1
pro.beatport.com,null,255,/127.0.0.1
10629401.fls.doubleclick.net,142.250.192.70_142.250.192.38_,416,/127.0.0.1
trinity.edu,151.101.193.193_151.101.65.193_151.101.1.193_,211,/127.0.0.1
gd.wikipedia.org,103.102.166.224,530,/127.0.0.1
essay.utwente.nl,130.89.3.23,214,/127.0.0.1
maannews.net,104.21.233.162_104.21.233.161_,415,/127.0.0.1
allthelyrics.com,null,260,/127.0.0.1
asiafoundation.org,172.67.140.33_104.21.73.45_,552,/127.0.0.1
victorinoxblog.com,213.186.33.5,390,/127.0.0.1
abdn.ac.uk,139.133.1.4,222,/127.0.0.1
invideo.io,104.21.85.187_172.67.209.69_,236,/127.0.0.1
orange.blender.org,104.22.64.163_172.67.14.163_,394,/127.0.0.1
gyu-kaku.com,35.215.95.33,390,/127.0.0.1
vikingcruises.com,18.164.202.58,203,/127.0.0.1
6125170.fls.doubleclick.net,142.250.192.70_142.250.192.38_,498,/127.0.0.1
happymodern.ru,217.107.219.4,217,/127.0.0.1
volcanoes.usgs.gov,137.227.239.158,209,/127.0.0.1
alessioatzeni.com,192.185.5.146,422,/127.0.0.1
elephantandcastleroundabout.org,89.187.86.6,399,/127.0.0.1
makeymakey.com,23.227.38.65,400,/127.0.0.1
aidsetc.org,104.22.22.240_172.67.7.68_104.22.23.240_,275,/127.0.0.1
10244078.fls.doubleclick.net,142.250.192.70_142.250.192.38_,399,/127.0.0.1
asroma.com,99.83.231.86_75.2.77.125_,780,/127.0.0.1
campaignlive.com,213.251.18.130,431,/127.0.0.1
ada.org,207.122.227.17,196,/127.0.0.1
bv.com,75.2.60.5,381,/127.0.0.1
typeinsight.org,74.208.236.134,410,/127.0.0.1
bay12games.com,172.96.178.186,284,/127.0.0.1
bzst.de,null,514,/127.0.0.1
9908788.fls.doubleclick.net,142.250.192.38,202,/127.0.0.1
sprouts.com,172.67.15.38_104.22.9.92_104.22.8.92_,423,/127.0.0.1
gov.krd,45.60.114.141,204,/127.0.0.1
kcur.org,35.168.120.9_52.3.92.30_3.218.5.110_,276,/127.0.0.1
oru.edu,72.249.108.162,210,/127.0.0.1
today.msnbc.msn.com,204.79.197.203,198,/127.0.0.1
barbados.org,68.71.42.185,199,/127.0.0.1
city.nagano.nagano.jp,null,192,/127.0.0.1
domina.it,35.205.244.18,542,/127.0.0.1
huaxia.com,103.42.78.5,74,/127.0.0.1
aljadeed.tv,172.67.31.78_104.22.78.136_104.22.79.136_,392,/127.0.0.1
catholicmil.org,3.238.107.226,543,/127.0.0.1
propmodo.com,35.244.153.44,226,/127.0.0.1
yogawithadriene.com,104.21.44.225_172.67.204.37_,214,/127.0.0.1
playbillarts.com,96.45.83.138,543,/127.0.0.1
whattowatch.com,151.101.194.114,77,/127.0.0.1
unh.edu,132.177.132.99,289,/127.0.0.1
pgrweb.go.cr,196.40.56.11,222,/127.0.0.1
sz.gov.cn,218.17.86.200,394,/127.0.0.1
rp.edu.sg,13.251.21.204_202.21.158.250_13.228.174.122_,212,/127.0.0.1
parcocolosseo.it,null,254,/127.0.0.1
pesquisa.bvsalud.org,200.10.179.199,269,/127.0.0.1
ads.engagefront.com,34.149.229.179,413,/127.0.0.1
mauritshuis.nl,20.73.129.152,403,/127.0.0.1
moe.gov.my,45.60.66.11,76,/127.0.0.1
hmhco.com,45.60.101.203_45.60.11.203_,86,/127.0.0.1
pay.nl,null,389,/127.0.0.1
chickenscratchny.com,104.21.48.58,410,/127.0.0.1
migration.iom.int,96.17.168.105,608,/127.0.0.1
wikisky.org,67.213.84.131,531,/127.0.0.1
orsted.com,20.224.12.183,259,/127.0.0.1
bluehazeus.tumblr.com,74.114.154.18_74.114.154.22_,206,/127.0.0.1
support.apple.com,23.211.225.65_23.58.0.143_104.108.206.112_,419,/127.0.0.1
chabad.org,104.19.223.11_104.19.222.11_,285,/127.0.0.1
whi.org,52.37.233.137,400,/127.0.0.1
apfc.org,141.193.213.11_141.193.213.10_,227,/127.0.0.1
cincodias.com,91.216.63.241_91.216.63.240_,515,/127.0.0.1
vespucci.io,185.199.110.153_185.199.109.153_185.199.111.153_185.199.108.153_,215,/127.0.0.1
iarc.fr,193.51.164.6,410,/127.0.0.1
isinnova.it,46.101.115.39,397,/127.0.0.1
teachingforchange.org,192.124.249.159,273,/127.0.0.1
pacer.org,104.26.14.49_104.26.15.49_172.67.70.162_,104,/127.0.0.1
s3-sa-east-1.amazonaws.com,16.12.2.36,403,/127.0.0.1
effectivehealthcare.ahrq.gov,23.47.232.57_23.57.232.84_,694,/127.0.0.1
redcircle.com,3.12.126.185,76,/127.0.0.1
beta.companieshouse.gov.uk,13.43.195.172_3.9.106.207_3.10.254.37_18.135.173.136_13.43.231.169_,198,/127.0.0.1
ignet.gov,13.72.17.183,211,/127.0.0.1
noi.org,104.18.26.32,266,/127.0.0.1
archive.gao.gov,null,223,/127.0.0.1
theodora.com,78.153.214.30,407,/127.0.0.1
bibox.com,172.67.147.189_104.21.28.223_,430,/127.0.0.1
newsforge.com,208.80.123.110,409,/127.0.0.1
pilkington.com,217.19.248.132,268,/127.0.0.1
callcentric.com,199.87.144.66_199.87.144.64_,394,/127.0.0.1
prdaily.com,3.134.203.109,215,/127.0.0.1
geekandsundry.com,52.72.18.13_54.160.78.110_52.44.11.139_,398,/127.0.0.1
sjobs.brassring.com,20.12.121.68,413,/127.0.0.1
worldcentric.org,192.252.144.28,395,/127.0.0.1
spacefacts.de,217.160.0.248,406,/127.0.0.1
bd-pratidin.com,104.17.114.94,581,/127.0.0.1
scontent-arn2-1.xx.fbcdn.net,31.13.72.12,399,/127.0.0.1
global.kyocera.com,45.113.119.1_45.113.119.130_,395,/127.0.0.1
socialadikt.com,172.234.25.151_35.214.243.68_,397,/127.0.0.1
wetafx.co.nz,null,389,/127.0.0.1
mentomusic.com,50.63.8.179,288,/127.0.0.1
crs.org,23.185.0.3,408,/127.0.0.1
bccancer.bc.ca,139.173.84.152,390,/127.0.0.1
fresenius-kabi.com,5.61.64.115,391,/127.0.0.1
lisp-lang.org,null,381,/127.0.0.1
mikesarcade.com,208.109.36.76,415,/127.0.0.1
johnnylee.net,74.208.236.205,216,/127.0.0.1
gendercide.org,80.248.225.198,401,/127.0.0.1
openexchangerates.org,52.73.174.144_52.71.237.206_54.164.15.182_,406,/127.0.0.1
resmigazete.gov.tr,212.174.186.1,407,/127.0.0.1
fwi.co.uk,212.188.174.43,422,/127.0.0.1
ohiomemory.org,132.174.3.1,263,/127.0.0.1
rdrop.com,199.26.172.34,201,/127.0.0.1
gazobeton.org,91.239.235.238,527,/127.0.0.1
halliburton.com,204.74.99.103,398,/127.0.0.1
venuesnow.com,104.21.31.35,283,/127.0.0.1
ss.ca.gov,204.147.113.17,294,/127.0.0.1
sideways8.com,141.193.213.10,273,/127.0.0.1
www2.physics.ox.ac.uk,163.1.18.168,400,/127.0.0.1
artgallery.yale.edu,23.185.0.3,286,/127.0.0.1
swampland.blogs.time.com,192.0.66.85,394,/127.0.0.1
blackpast.org,172.67.223.174_104.21.25.68_,399,/127.0.0.1
ascii.textfiles.com,162.223.15.199,209,/127.0.0.1
jonesday.com,23.100.43.208,410,/127.0.0.1
chicago.gov,104.97.76.242_104.97.76.224_23.63.111.58_96.17.168.106_,231,/127.0.0.1
satellitetoday.com,104.21.43.47_172.67.219.96_,525,/127.0.0.1
standardnewswire.com,174.127.124.253,214,/127.0.0.1
crn.com.au,203.176.102.69,418,/127.0.0.1
notonthehighstreet.com,13.225.239.101_13.225.239.95_18.161.97.90_18.161.97.40_18.161.97.38_,429,/127.0.0.1
researcher.watson.ibm.com,52.116.238.203,539,/127.0.0.1
freshfruitportal.com,54.165.170.90,79,/127.0.0.1
ivu.org,34.174.24.103,209,/127.0.0.1
studiocleo.com,null,385,/127.0.0.1
als.org,23.185.0.4,408,/127.0.0.1
shopee.ph,143.92.75.92_202.181.90.248_,529,/127.0.0.1
remarkablecars.com,66.81.203.203,85,/127.0.0.1
alzheimersresearchuk.org,172.67.68.115_104.26.2.188_104.26.3.188_,413,/127.0.0.1
blog.blockonomics.co,35.88.205.6,278,/127.0.0.1
10187681.fls.doubleclick.net,142.250.192.70_142.250.192.38_,390,/127.0.0.1
translate.yandex.com,213.180.204.193,514,/127.0.0.1
missmv.com,160.153.0.23,414,/127.0.0.1
thebaylights.org,216.40.34.41,219,/127.0.0.1
docs.spring.io,104.18.14.105_104.18.15.105_172.67.143.72_,268,/127.0.0.1
questacon.edu.au,103.29.195.64,781,/127.0.0.1
cafemom.com,13.127.237.255_3.7.135.175_65.2.47.247_,425,/127.0.0.1
fekkai.com,23.227.38.32,412,/127.0.0.1
alohashoyu.com,172.67.170.251_104.21.87.221_,417,/127.0.0.1
csdl.tamu.edu,null,375,/127.0.0.1
cittaviveka.org,185.230.63.171_185.230.63.186_185.230.63.107_,414,/127.0.0.1
liu.se,130.236.18.52,401,/127.0.0.1
iiasa.ac.at,147.125.102.77,406,/127.0.0.1
betterphotography.in,null,380,/127.0.0.1
sun9-59.userapi.com,93.186.227.154,421,/127.0.0.1
13020094.fls.doubleclick.net,142.250.192.38,547,/127.0.0.1
oodesign.com,172.67.133.249,394,/127.0.0.1
nationalgeographic.com.es,20.50.2.27,212,/127.0.0.1
theviewfromgreatisland.com,104.18.37.69_104.18.6.55_104.18.7.55_,425,/127.0.0.1
har.com,35.171.131.129_34.192.67.12_52.72.101.78_44.194.110.6_3.233.236.241_,216,/127.0.0.1
gfxbench.com,138.68.105.98,411,/127.0.0.1
hikvision.com,223.119.45.23_218.253.131.104_,394,/127.0.0.1
rocklist.net,85.233.160.22,202,/127.0.0.1
ilmessaggero.it,34.149.236.87,198,/127.0.0.1
modenus.com,162.249.4.79,75,/127.0.0.1
ourpublicservice.org,141.193.213.11,201,/127.0.0.1
qualcomm.com,129.46.98.181,216,/127.0.0.1
workforcenow.adp.com,170.146.102.193,219,/127.0.0.1
ad.duapps.com,172.67.174.165,490,/127.0.0.1
ag.gov.au,103.29.195.64,425,/127.0.0.1
ab-bookingsbv.nl,null_null_null_null_null_,403,/127.0.0.1
sherrilynkenyon.com,141.193.213.11_141.193.213.10_,203,/127.0.0.1
upstock.app,3.105.1.165,401,/127.0.0.1
ysense.com,52.84.45.54,413,/127.0.0.1
mothersdaycentral.com,216.92.250.83,494,/127.0.0.1
ilgazzettino.it,34.149.236.87,402,/127.0.0.1
plazapublica.com.gt,205.234.134.81,272,/127.0.0.1
stb.gov.sg,null,71,/127.0.0.1
johnfetterman.com,null,387,/127.0.0.1
food.oregonstate.edu,104.18.23.239,219,/127.0.0.1
plancast.com,216.239.36.21_216.239.34.21_216.239.38.21_,408,/127.0.0.1
thechangelog.com,45.55.140.190,201,/127.0.0.1
atomos.com,104.22.32.81,213,/127.0.0.1
readdork.com,34.149.36.179,393,/127.0.0.1
jobplacement.unibo.it,137.204.24.209,216,/127.0.0.1
gdpreu.org,172.67.206.87,278,/127.0.0.1
entel.pe,186.160.127.215,408,/127.0.0.1
imgtec.com,104.18.115.27,406,/127.0.0.1
voicesforvaccines.org,172.67.151.228_104.21.1.28_,264,/127.0.0.1
libcom.org,104.21.68.140_172.67.195.239_,214,/127.0.0.1
trustnet.com,104.16.93.50_104.16.94.50_,202,/127.0.0.1
carus-verlag.com,null,393,/127.0.0.1
epub.wu.ac.at,137.208.32.250,289,/127.0.0.1
toadandco.com,23.227.38.65,402,/127.0.0.1
co.travis.tx.us,null,541,/127.0.0.1
biodiversity.europa.eu,87.54.7.142,200,/127.0.0.1
asthmatickitty.com,172.67.155.173,204,/127.0.0.1
docs.sun.com,23.212.254.34_23.212.254.32_96.17.168.25_96.17.168.34_,206,/127.0.0.1
pinchapenny.com,null,254,/127.0.0.1
bbc.github.io,185.199.108.153_185.199.110.153_185.199.111.153_,209,/127.0.0.1
forth-standard.org,136.243.254.65,395,/127.0.0.1
mda.org,52.204.85.215,211,/127.0.0.1
sellingantiques.co.uk,34.206.140.147,401,/127.0.0.1
habitica.com,146.148.62.68,365,/127.0.0.1
opentype.js.org,104.26.9.84_172.67.73.64_104.26.8.84_,410,/127.0.0.1
oxygenbuilder.com,141.193.213.11,404,/127.0.0.1
purewow.com,151.101.65.91_151.101.193.91_151.101.1.91_,299,/127.0.0.1
absolute.com,104.18.19.79,400,/127.0.0.1
ms-my.facebook.com,157.240.13.14,211,/127.0.0.1
10803009.fls.doubleclick.net,142.250.192.38,374,/127.0.0.1
rarediseases.info.nih.gov,99.86.47.90_99.86.47.24_54.192.171.93_99.86.47.123_99.86.47.15_,410,/127.0.0.1
webspace.utexas.edu,146.6.219.15,214,/127.0.0.1
9365685.fls.doubleclick.net,142.250.192.70_142.250.192.38_,395,/127.0.0.1
ourworld.compuserve.com,null_null_null_null_null_,389,/127.0.0.1
us.dlink.com,108.158.221.119_108.158.221.2_108.158.221.57_108.158.221.32_,201,/127.0.0.1
cloreleadership.org,162.159.136.54,405,/127.0.0.1
matadorrecords.com,104.18.31.191_104.18.30.191_,407,/127.0.0.1
thesouthafrican.com,99.86.47.22_99.86.47.109_99.86.47.88_99.86.47.44_,522,/127.0.0.1
ysearchblog.com,34.213.101.254_13.49.212.207_18.136.37.69_13.251.69.97_34.225.127.72_,272,/127.0.0.1
trinket.io,104.196.113.214,98,/127.0.0.1
forms.google.com,142.250.199.142,265,/127.0.0.1
a.co,54.239.20.248_54.239.16.179_,545,/127.0.0.1
go.forrester.com,45.60.28.201,212,/127.0.0.1
11750367.fls.doubleclick.net,142.250.192.38,410,/127.0.0.1
sandag.org,13.107.246.68,70,/127.0.0.1
citmedialaw.org,128.103.64.74,392,/127.0.0.1
catholicism.org,172.67.130.103_104.21.8.90_,603,/127.0.0.1
ymaa.com,172.67.72.70_104.26.14.54_104.26.15.54_,389,/127.0.0.1
cdnapisec.kaltura.com,23.211.143.29_173.223.210.58_,206,/127.0.0.1
workplace.com,157.240.13.14,303,/127.0.0.1
caseagrant.ucsd.edu,169.228.224.57,395,/127.0.0.1
mondaq.com,52.210.47.24_34.252.43.219_54.194.254.205_52.16.176.163_52.213.165.12_,431,/127.0.0.1
help.followupboss.com,104.16.52.111,410,/127.0.0.1
utair.ru,178.248.236.201,208,/127.0.0.1
jtv.com,45.60.75.18,74,/127.0.0.1
matt.blog,null,207,/127.0.0.1
spindices.com,52.84.206.41,401,/127.0.0.1
convenience.org,104.26.9.219,396,/127.0.0.1
blogdesk.org,89.107.184.49,221,/127.0.0.1
mobilemonkey.com,13.225.239.8_13.225.239.114_54.230.112.107_54.230.112.64_54.230.112.65_,396,/127.0.0.1
ed.nl,23.63.111.184,405,/127.0.0.1
travelalberta.com,45.60.121.100,388,/127.0.0.1
openmoko.com,162.255.119.147,278,/127.0.0.1
filmfatales.org,107.22.57.98,624,/127.0.0.1
markdown-editor.github.io,185.199.111.153_185.199.110.153_,545,/127.0.0.1
seranking.com,104.26.14.228_172.67.68.235_,98,/127.0.0.1
hwupgrade.it,89.46.199.200,395,/127.0.0.1
landcglobal.com,185.53.177.31,542,/127.0.0.1
octoverse.github.com,185.199.111.153_185.199.109.153_,275,/127.0.0.1
collection.eliterature.org,142.4.25.221,280,/127.0.0.1
edu.ro,193.169.21.181,79,/127.0.0.1
imamura.biz,183.181.82.46,439,/127.0.0.1
uchealth.org,45.79.245.10,218,/127.0.0.1
salisburycathedral.org.uk,46.101.4.19,548,/127.0.0.1
morganstanley.com,23.32.89.237,217,/127.0.0.1
seabird.com,45.60.151.100,202,/127.0.0.1
11546771.fls.doubleclick.net,142.250.192.38,261,/127.0.0.1
rodekors.no,176.221.90.138,203,/127.0.0.1
workers.cloudflare.com,104.16.132.9_104.16.133.9_,471,/127.0.0.1
at.alicdn.com,129.227.247.119_129.227.247.120_,281,/127.0.0.1
flintwaterstudy.org,160.153.0.62,547,/127.0.0.1
crowdtangle.com,null,208,/127.0.0.1
msnbc.com,92.122.235.153_23.57.226.105_,413,/127.0.0.1
remotecoach.fit,34.28.119.0,410,/127.0.0.1
idsgn.org,143.95.42.94,546,/127.0.0.1
8782803.fls.doubleclick.net,142.250.192.70_142.250.192.38_,72,/127.0.0.1
matterport.com,172.64.146.97_104.18.41.159_,528,/127.0.0.1
sustainability.vic.gov.au,20.92.31.16,208,/127.0.0.1
aekfc.gr,95.154.233.3,269,/127.0.0.1
school.familyeducation.com,151.101.193.193_151.101.65.193_151.101.129.193_151.101.1.193_,98,/127.0.0.1
emanuellevy.com,160.153.0.168,287,/127.0.0.1
bangordailynews.com,192.0.78.250_192.0.78.146_,265,/127.0.0.1
sfml-dev.org,78.47.82.133,83,/127.0.0.1
honeynet.org,172.67.9.102_104.22.13.124_104.22.12.124_,392,/127.0.0.1
hubculture.com,172.67.168.32_104.21.46.61_,272,/127.0.0.1
meteograms.com,172.67.179.250,284,/127.0.0.1
leicester.gov.uk,89.185.141.101,116,/127.0.0.1
penguin.com,23.185.0.1,219,/127.0.0.1
dsdlink.com,null,541,/127.0.0.1
zeemaps.com,18.211.67.198_34.199.189.142_54.81.46.118_52.206.97.113_3.217.3.184_,409,/127.0.0.1
mindful.org,172.67.70.217_104.26.1.29_104.26.0.29_,402,/127.0.0.1
cl.cam.ac.uk,null_null_null_null_null_,273,/127.0.0.1
titanicbelfast.com,52.178.208.12,392,/127.0.0.1
docs.opengeospatial.org,66.244.86.60,268,/127.0.0.1
freeocalan.org,5.175.14.51,218,/127.0.0.1
catholicculture.org,104.20.47.204_104.20.46.204_,74,/127.0.0.1
iso.ch,138.81.131.132,206,/127.0.0.1
store.mcsweeneys.net,54.221.251.148_null_54.209.91.188_75.101.184.39_,396,/127.0.0.1
vololiberomontecucco.it,89.46.105.29,406,/127.0.0.1
pref.kyoto.jp,null_null_,401,/127.0.0.1
donellameadows.org,184.168.47.225,394,/127.0.0.1
socialclub.rockstargames.com,104.255.105.71,404,/127.0.0.1
vosizneias.com,null,386,/127.0.0.1
cityzeum.com,104.26.10.231,402,/127.0.0.1
fullcirclemagazine.org,173.236.139.14,411,/127.0.0.1
patient.info,172.67.31.249_104.22.32.249_104.22.33.249_,405,/127.0.0.1
uni-due.de,134.91.197.147,287,/127.0.0.1
rnz.de,213.182.13.53,404,/127.0.0.1
news.uns.purdue.edu,128.210.7.254,532,/127.0.0.1
computer-engineering.org,3.33.130.190,206,/127.0.0.1
sawater.com.au,43.245.43.100,201,/127.0.0.1
nhk.or.jp,null_null_null_null_null_,292,/127.0.0.1
support.citrix.com,34.107.194.63,414,/127.0.0.1
ericwhitacre.com,104.26.0.243,206,/127.0.0.1
blog.frieze.com,null_null_,274,/127.0.0.1
cc.gatech.edu,130.207.7.104,397,/127.0.0.1
myemail.constantcontact.com,208.75.122.131,284,/127.0.0.1
steamykitchen.com,104.26.3.126_172.67.72.101_104.26.2.126_,274,/127.0.0.1
editor.creareunapp.it,137.74.22.225,673,/127.0.0.1
media.bahai.org,13.251.96.10,403,/127.0.0.1
hmdglobal.com,13.85.27.14,217,/127.0.0.1
esos.gr,95.217.204.224,391,/127.0.0.1
ontarioarchitecture.com,192.81.170.4,270,/127.0.0.1
mcpherson.edu,141.193.213.20,390,/127.0.0.1
publicwhip.org.uk,185.151.31.138,408,/127.0.0.1
adswizz.com,3.251.41.252,407,/127.0.0.1
aila.org,184.72.85.76,420,/127.0.0.1
adanewmedia.org,192.0.78.25,270,/127.0.0.1
petertatchellfoundation.org,104.21.70.188_172.67.138.199_,102,/127.0.0.1
dtcc.edu,null,208,/127.0.0.1
ems.psu.edu,null,62,/127.0.0.1
thecannabist.co,199.88.148.123,203,/127.0.0.1
support.cardcom.solutions,104.16.52.111,391,/127.0.0.1
9568518.fls.doubleclick.net,142.250.192.70_142.250.192.38_,197,/127.0.0.1
planning.lacounty.gov,45.60.171.78,215,/127.0.0.1
twiki.org,66.220.11.188,422,/127.0.0.1
beyondblue.org.au,75.2.121.104_99.83.179.191_,216,/127.0.0.1
bigcatrescue.org,151.101.194.159,539,/127.0.0.1
centrastate.com,104.22.13.50_104.22.12.50_,787,/127.0.0.1
statutes.legis.state.tx.us,null_null_null_null_null_,405,/127.0.0.1
apha.org,20.49.104.5,392,/127.0.0.1
esupport.sony.com,23.57.242.231,83,/127.0.0.1
tamurajones.net,141.138.169.205,416,/127.0.0.1
pixelgrade.com,104.21.12.18_172.67.151.74_,428,/127.0.0.1
diario.mx,18.66.78.67_18.66.78.80_18.66.78.86_,103,/127.0.0.1
eng.koreabaseball.com,115.85.177.180,219,/127.0.0.1
proceso.com.mx,104.18.11.154_104.18.10.154_,266,/127.0.0.1
datacatalog.worldbank.org,52.188.136.184,391,/127.0.0.1
ipts.jrc.ec.europa.eu,null_null_,217,/127.0.0.1
gb.abrsm.org,null,207,/127.0.0.1
bitstamp.net,107.154.133.13_45.60.111.13_,294,/127.0.0.1
loungebuddy.com,104.18.40.154,210,/127.0.0.1
10web.io,104.18.21.201_104.18.20.201_,216,/127.0.0.1
10944551.fls.doubleclick.net,142.250.192.38,197,/127.0.0.1
dvhn.nl,172.64.154.120_104.18.29.166_104.18.28.166_,544,/127.0.0.1
fictiv.com,104.21.72.139,221,/127.0.0.1
fontshop.com,104.18.42.187_172.64.145.69_,213,/127.0.0.1
milanoo.com,35.163.44.217,501,/127.0.0.1
thebluegrasssituation.com,104.26.8.194,420,/127.0.0.1
travelwisconsin.com,192.31.237.5,201,/127.0.0.1
mossyoak.com,68.216.179.49,227,/127.0.0.1
11789341.fls.doubleclick.net,142.250.192.38,390,/127.0.0.1
mkg-hamburg.de,195.201.248.57,270,/127.0.0.1
simbahosting.co.uk,176.58.98.143,401,/127.0.0.1
urban75.com,null,389,/127.0.0.1
30d.jp,160.251.228.41_160.251.228.43_160.251.228.44_,92,/127.0.0.1
wicg.io,185.199.108.153,404,/127.0.0.1
qnl.qa,20.21.231.254,225,/127.0.0.1
geni.com,107.154.108.111_107.154.110.111_,285,/127.0.0.1
superiridium.com,172.67.178.1_104.21.48.46_,273,/127.0.0.1
litkicks.com,184.154.47.42,272,/127.0.0.1
fediverse.network,217.70.184.38,508,/127.0.0.1
protiviti.com,54.212.249.70,412,/127.0.0.1
dallas.culturemap.com,151.101.193.91_151.101.65.91_151.101.129.91_199.232.253.91_,413,/127.0.0.1
rhiannongriffiths.com,35.214.27.157,409,/127.0.0.1
familyvacationcritic.com,34.224.54.119,210,/127.0.0.1
chip.de,23.46.9.97_23.46.9.35_23.46.9.114_23.46.9.8_96.17.168.75_,527,/127.0.0.1
cov-spectrum.org,null,401,/127.0.0.1
apsa.org,172.67.188.14,537,/127.0.0.1
foodsubs.com,13.57.12.8,280,/127.0.0.1
appliance-standards.org,54.191.78.212,407,/127.0.0.1
bestofbreck.com,44.225.2.78,213,/127.0.0.1
wpromote-15-adswizz.attribution.adswizz.com,54.171.79.115_34.255.245.71_52.50.105.32_34.248.61.34_,549,/127.0.0.1
beeline.tv,83.143.53.131,285,/127.0.0.1
openshot.org,52.22.149.119,407,/127.0.0.1
checkout.ie,172.67.223.4_104.21.78.145_,406,/127.0.0.1
davenportlibrary.com,217.180.227.153,531,/127.0.0.1
ajs.or.at,172.67.193.44,547,/127.0.0.1
calculatedriskblog.com,216.239.36.21_216.239.32.21_216.239.38.21_216.239.34.21_,89,/127.0.0.1
cutoutandkeep.net,157.230.202.40,408,/127.0.0.1
tokelau.org.nz,103.145.192.123,284,/127.0.0.1
jpx.co.jp,null_null_null_null_null_,389,/127.0.0.1
jcf.org,185.230.63.107,231,/127.0.0.1
seyfarth.com,54.203.180.53,198,/127.0.0.1
consumer.gov,23.7.222.236_23.64.191.217_,409,/127.0.0.1
globalvoices.org,213.108.108.29,533,/127.0.0.1
digestive.niddk.nih.gov,null_null_,80,/127.0.0.1
pocketgamer.com,172.67.146.83,390,/127.0.0.1
translate.com,104.22.22.249,405,/127.0.0.1
sci.utah.edu,155.98.16.52,520,/127.0.0.1
bradgriffin.me,69.175.60.154,518,/127.0.0.1
capes.gov.br,200.130.18.127,408,/127.0.0.1
themalaymailonline.com,110.74.168.100,415,/127.0.0.1
usahockey.com,104.16.222.243,206,/127.0.0.1
redblobgames.com,34.198.241.65,426,/127.0.0.1
poetryinternational.org,85.158.202.101,389,/127.0.0.1
globalprivacycontrol.github.io,185.199.108.153,406,/127.0.0.1
rakuten.ne.jp,null_null_null_null_null_,388,/127.0.0.1
anvilfire.com,192.243.105.162,303,/127.0.0.1
bugherd.com,13.234.100.116_13.200.123.229_65.0.79.182_,281,/127.0.0.1
mgnv.org,192.0.78.175,267,/127.0.0.1
askabiologist.asu.edu,23.185.0.2,399,/127.0.0.1
avirato.com,46.105.97.210,411,/127.0.0.1
worldnews.msnbc.msn.com,131.253.33.203,266,/127.0.0.1
allianceofdemocracies.org,104.22.29.190,219,/127.0.0.1
blog.walmart.com,198.61.150.30,465,/127.0.0.1
tatler.com,34.247.97.114_52.50.44.19_52.31.15.209_,72,/127.0.0.1
aftership.com,104.19.174.89_104.19.173.89_,406,/127.0.0.1
freeonlinegames.com,104.26.8.107_172.67.72.113_104.26.9.107_,405,/127.0.0.1
herzogdemeuron.com,149.126.4.106,273,/127.0.0.1
lockergnome.com,104.26.5.96_104.26.4.96_172.67.68.149_,216,/127.0.0.1
united4respect.org,null,390,/127.0.0.1
vintagedancer.com,104.21.76.179_172.67.198.101_,221,/127.0.0.1
wienerlinien.at,193.178.171.28,534,/127.0.0.1
ourinternet.org,172.67.140.109,218,/127.0.0.1
hino.com,104.130.13.224,386,/127.0.0.1
slf.ch,195.176.244.111,429,/127.0.0.1
valor.militarytimes.com,44.196.95.92,205,/127.0.0.1
ciaotutti.nl,162.159.134.42,525,/127.0.0.1
ecmascript.org,128.121.89.110,231,/127.0.0.1
howtobrew.com,216.70.123.96,205,/127.0.0.1
tdcj.state.tx.us,168.58.228.12,410,/127.0.0.1
mlahanas.de,5.35.225.128,405,/127.0.0.1
w3.pppl.gov,192.188.106.252,515,/127.0.0.1
iranhumanrights.org,104.21.46.58_172.67.168.29_,264,/127.0.0.1
chinese-school.netfirms.com,66.96.160.141,386,/127.0.0.1
bangkok.go.th,203.155.220.20,404,/127.0.0.1
mfa.gov.il,147.237.76.106,407,/127.0.0.1
agriculturejournals.cz,185.178.174.244,288,/127.0.0.1
hungryhuy.com,172.67.215.118_104.21.50.251_,268,/127.0.0.1
scholarlycommons.law.wlu.edu,50.18.241.247_13.57.92.51_,81,/127.0.0.1
magentocommerce.com,18.233.140.193_107.22.62.213_18.235.119.122_44.217.83.186_52.202.17.64_,406,/127.0.0.1
kingarthurbaking.com,23.212.251.8_23.48.104.112_23.48.104.102_,399,/127.0.0.1
voyapon.com,54.162.89.157,399,/127.0.0.1
dailypress.com,192.187.77.17_54.218.214.241_34.209.174.121_,216,/127.0.0.1
gannett.com,209.97.50.225,404,/127.0.0.1
jax.org,64.147.57.78,396,/127.0.0.1
cam.ac.uk,128.232.132.8,267,/127.0.0.1
banksa.com.au,18.164.217.43_18.164.246.58_18.164.246.8_18.164.246.13_,415,/127.0.0.1
b2n.ir,172.67.135.195_104.21.7.50_,402,/127.0.0.1
sulekha.com,40.87.65.130,208,/127.0.0.1
aswatson.com,23.211.207.35_23.38.63.154_23.10.239.196_,205,/127.0.0.1
insidesources.com,104.26.1.21,284,/127.0.0.1
wordreference.com,104.238.220.102_23.111.171.90_,218,/127.0.0.1
kilimo.go.ke,197.138.40.19,88,/127.0.0.1
events.nationalgeographic.com,null,190,/127.0.0.1
bioinformatics.org,74.208.103.94,443,/127.0.0.1
edwardjones.com,167.80.104.170_167.80.136.170_,412,/127.0.0.1
busboysandpoets.com,52.33.3.109,218,/127.0.0.1
rosenfeldmedia.com,208.93.20.31,206,/127.0.0.1
questions-statements.parliament.uk,104.17.177.119_104.17.176.119_,401,/127.0.0.1
bridgemanimages.com,52.16.30.206_52.210.235.156_54.76.68.249_52.49.195.101_52.19.247.155_,396,/127.0.0.1
sreb.org,23.185.0.1,413,/127.0.0.1
dominionenergy.com,45.60.233.28,385,/127.0.0.1
osw.waw.pl,34.110.252.201,87,/127.0.0.1
econtalk.org,141.193.213.11,225,/127.0.0.1
gihyo.jp,104.22.58.251_172.67.22.15_104.22.59.251_,478,/127.0.0.1
salesking.eu,85.13.151.15,405,/127.0.0.1
habitas.org.uk,52.169.5.104,207,/127.0.0.1
missioninn.com,null,388,/127.0.0.1
celticlifeintl.com,74.208.236.210,207,/127.0.0.1
10102659.fls.doubleclick.net,142.250.192.70_142.250.192.38_,220,/127.0.0.1
luakabop.com,76.76.21.21,288,/127.0.0.1
google.by,142.250.192.36_142.250.192.4_,275,/127.0.0.1
theeastafrican.co.ke,104.18.22.241_104.18.23.241_,93,/127.0.0.1
webstore.jsa.or.jp,null,190,/127.0.0.1
intelligence.gov,104.105.41.46_104.91.125.220_23.32.172.174_23.192.31.113_,399,/127.0.0.1
10730820.fls.doubleclick.net,142.250.192.70_142.250.192.38_,405,/127.0.0.1
training.apple.com,17.137.160.48,207,/127.0.0.1
bentley.umich.edu,141.211.243.176,397,/127.0.0.1
seoblog.com,104.26.4.214_172.67.74.120_104.26.5.214_,510,/127.0.0.1
law.louisville.edu,null,395,/127.0.0.1
withnews.jp,18.164.217.31_18.164.217.19_18.164.217.99_,216,/127.0.0.1
oxfamilibrary.openrepository.com,52.208.117.227,276,/127.0.0.1
mgmresorts.com,null,376,/127.0.0.1
btc-echo.de,172.66.41.46_172.66.42.210_,211,/127.0.0.1
scpr.org,52.202.186.183,400,/127.0.0.1
werd.com,162.159.134.42,431,/127.0.0.1
devwp.eu,104.21.84.236,528,/127.0.0.1
raspberrypi.com,172.67.40.113_104.22.23.160_104.22.22.160_,388,/127.0.0.1
cheimread.com,18.67.76.19,414,/127.0.0.1
thecoolhunter.net,104.21.69.240_172.67.215.202_,295,/127.0.0.1
google.co.ma,142.250.182.196,399,/127.0.0.1
kdd.ics.uci.edu,128.195.1.86,406,/127.0.0.1
mysynchrony.com,null,194,/127.0.0.1
ebird.org,128.253.169.74,402,/127.0.0.1
auctollo.com,107.180.56.148,281,/127.0.0.1
chg.gov.ie,178.79.175.148,415,/127.0.0.1
networks.silicon.com,null,68,/127.0.0.1
democracyjournal.org,104.199.118.194,402,/127.0.0.1
debevoise.com,23.100.43.208,399,/127.0.0.1
indihome.co.id,180.250.116.205,210,/127.0.0.1
echoar.xyz,18.164.246.123,207,/127.0.0.1
obs.withflowersea.com,3.227.190.204_34.199.234.25_50.16.211.97_54.83.110.109_35.172.245.152_,210,/127.0.0.1
prisoners.spring96.org,104.22.7.49,543,/127.0.0.1
shareradio.co.uk,104.22.6.161,392,/127.0.0.1
josleys.com,null,190,/127.0.0.1
stc.se,104.198.14.52,202,/127.0.0.1
genericons.com,185.199.109.153_185.199.111.153_185.199.110.153_185.199.108.153_,540,/127.0.0.1
eightsleep.com,104.18.12.67_104.18.13.67_,212,/127.0.0.1
orange.ro,109.166.184.149,276,/127.0.0.1
3858122.fls.doubleclick.net,142.250.192.70_142.250.192.38_,293,/127.0.0.1
6667110.fls.doubleclick.net,142.250.192.70_142.250.192.38_,216,/127.0.0.1
athleticdirectoru.com,146.148.78.118,282,/127.0.0.1
humanistictexts.org,216.194.169.153,214,/127.0.0.1
www7.nationalgeographic.com,null,380,/127.0.0.1
iriss.org.uk,212.71.245.172,390,/127.0.0.1
itbrief.asia,210.48.126.143,562,/127.0.0.1
centrica.com,51.140.221.133,198,/127.0.0.1
ks.uiuc.edu,130.126.120.36,411,/127.0.0.1
obgyn.onlinelibrary.wiley.com,162.159.130.87_162.159.129.87_,394,/127.0.0.1
merrell.com,18.66.78.49_18.66.78.44_18.66.78.97_18.66.78.80_,207,/127.0.0.1
247-nieuws.nl,5.75.165.146,214,/127.0.0.1
akademie-solitude.de,null,82,/127.0.0.1
mtv.fi,51.21.55.182_13.51.227.7_16.16.250.118_,287,/127.0.0.1
smu.edu,129.119.70.169,283,/127.0.0.1
audiophileusa.com,64.34.22.87,217,/127.0.0.1
directorstalkinterviews.com,216.194.169.71,399,/127.0.0.1
math.uni-hamburg.de,null,66,/127.0.0.1
diybookscanner.org,69.163.194.99,397,/127.0.0.1
kopfpercussion.com,63.141.128.8,393,/127.0.0.1
edu.ru,null,388,/127.0.0.1
hairstyleonpoint.com,52.71.145.38,414,/127.0.0.1
focusboosterapp.com,174.129.25.17,395,/127.0.0.1
telus.com,172.66.0.98_162.159.140.100_,400,/127.0.0.1
fightfoca.com,199.59.243.225,292,/127.0.0.1
cancerresearchuk.org,3.33.221.122_15.197.204.208_,396,/127.0.0.1
loopinsight.com,104.21.11.105_172.67.148.196_,417,/127.0.0.1
meter.net,172.67.72.15_104.26.5.16_104.26.4.16_,207,/127.0.0.1
rbc.ru,178.248.236.77,409,/127.0.0.1
a1.hr,212.15.168.69,219,/127.0.0.1
10629728.fls.doubleclick.net,142.250.192.70_142.250.192.38_,403,/127.0.0.1
healthland.time.com,192.0.66.85,406,/127.0.0.1
drfd.hbs.edu,null_null_,401,/127.0.0.1
redcross.org.nz,3.105.16.19_13.211.193.192_3.25.11.8_,263,/127.0.0.1
tripline.net,184.73.182.64,200,/127.0.0.1
cck.gob.ar,172.67.199.161,210,/127.0.0.1
swappa.com,104.18.10.121,385,/127.0.0.1
web.hypothes.is,23.185.0.3,270,/127.0.0.1
restaurant.com,209.126.35.10,512,/127.0.0.1
4351791.fls.doubleclick.net,142.250.192.70_142.250.192.38_,514,/127.0.0.1
tennistv.com,76.223.62.79,400,/127.0.0.1
candles.org,172.67.134.132,396,/127.0.0.1
thetech.com,3.210.156.221,514,/127.0.0.1
9200702.fls.doubleclick.net,142.250.192.38,82,/127.0.0.1
gigamon.com,104.18.18.141,395,/127.0.0.1
socallinuxexpo.org,23.21.71.118,436,/127.0.0.1
cvut.cz,147.32.3.202,269,/127.0.0.1
bersa.com.ar,178.33.165.42,203,/127.0.0.1
people.ok.ubc.ca,null,378,/127.0.0.1
textcreationpartnership.org,50.17.250.169,79,/127.0.0.1
01net.com,104.26.15.175_104.26.14.175_172.67.69.245_,392,/127.0.0.1
101greatgoals.com,3.33.162.52_15.197.163.213_,404,/127.0.0.1
ucs.louisiana.edu,null,380,/127.0.0.1
blog.screenweek.it,95.216.21.83,206,/127.0.0.1
ignitewoo.com,209.59.152.100,399,/127.0.0.1
herongyang.com,74.208.236.35,732,/127.0.0.1
spaceexplored.com,192.0.66.49,427,/127.0.0.1
app.gather.town,108.158.221.85,198,/127.0.0.1
forums.tomshardware.com,207.246.111.218,69,/127.0.0.1
garanteprivacy.it,5.175.52.30,390,/127.0.0.1
campfireseattle.org,35.215.101.95,79,/127.0.0.1
classycareergirl.com,192.124.249.9,405,/127.0.0.1
8289719.fls.doubleclick.net,142.250.192.38,227,/127.0.0.1
applegate.com,54.243.199.71,403,/127.0.0.1
methanol.org,104.196.223.226,330,/127.0.0.1
noaa.gov,137.75.88.52_137.75.88.7_,307,/127.0.0.1
muppet.wikia.com,151.101.128.194_151.101.192.194_151.101.64.194_151.101.0.194_,453,/127.0.0.1
manhattan.edu,null,204,/127.0.0.1
indianapublicmedia.org,129.79.123.142_129.79.123.143_,77,/127.0.0.1
loganair.co.uk,20.117.178.112,453,/127.0.0.1
evrythng.com,20.119.128.8,446,/127.0.0.1
aabgu.org,141.193.213.21,260,/127.0.0.1
wwno.org,3.218.5.110_35.168.120.9_52.3.92.30_,431,/127.0.0.1
mapgenie.io,151.101.1.135_151.101.129.135_,87,/127.0.0.1
fwtx.com,172.66.43.73_172.66.40.183_,315,/127.0.0.1
icrisat.org,13.234.139.204,221,/127.0.0.1
bluez.org,null_null_null_null_null_,437,/127.0.0.1
nightsky.jpl.nasa.gov,128.149.125.102,451,/127.0.0.1
watchman.org,72.249.80.149,233,/127.0.0.1
beatlesinterviews.org,96.9.63.217,312,/127.0.0.1
alumnus.caltech.edu,131.215.242.43,248,/127.0.0.1
psy-ed.com,23.29.145.231,395,/127.0.0.1
gearthhacks.com,162.159.137.54,90,/127.0.0.1
sunsite.utk.edu,null,400,/127.0.0.1
neteller.com,null,415,/127.0.0.1
muledesign.com,198.185.159.145,283,/127.0.0.1
treas.gov,164.95.95.220,416,/127.0.0.1
mysinchew.com,172.67.135.67,279,/127.0.0.1
cdiac.ess-dive.lbl.gov,null,66,/127.0.0.1
packtpub.com,104.22.0.175_172.67.31.83_104.22.1.175_,74,/127.0.0.1
messychurch.org.uk,15.197.142.173_3.33.152.147_,393,/127.0.0.1
premier.ticketek.com.au,23.46.207.137,218,/127.0.0.1
milanotoday.it,52.144.69.197_46.254.34.118_95.110.224.15_195.231.59.141_109.168.105.232_,524,/127.0.0.1
stokesentinel.co.uk,34.240.67.154_52.30.137.202_34.247.72.43_,213,/127.0.0.1
globalplayer.com,81.20.53.35,408,/127.0.0.1
cftc.gov,104.18.25.94_104.18.24.94_54.156.221.157_,415,/127.0.0.1
sv.wordpress.org,null,405,/127.0.0.1
budget.gov.au,13.107.246.48,691,/127.0.0.1
boiseschools.org,192.0.2.1,412,/127.0.0.1
americanexperiment.org,172.67.145.134,394,/127.0.0.1
patrobertson.com,null,409,/127.0.0.1
rules.house.gov,23.57.210.248_23.196.135.43_23.201.135.47_,402,/127.0.0.1
weirdal.com,104.197.175.255,558,/127.0.0.1
blueprints.launchpad.net,185.125.189.223_185.125.189.222_,252,/127.0.0.1
deutsche-biographie.de,null_null_null_null_null_,690,/127.0.0.1
caes.uga.edu,128.192.118.244,71,/127.0.0.1
img405.imageshack.us,38.99.77.16,399,/127.0.0.1
revistas.ucm.es,147.96.240.111,279,/127.0.0.1
seattleartmuseum.org,65.126.175.203,519,/127.0.0.1
books.google.co.jp,142.250.183.206_142.250.66.14_,276,/127.0.0.1
prothomalo.com,104.17.145.114,400,/127.0.0.1
kfc.com,23.15.33.46_23.57.74.67_,84,/127.0.0.1
9848733.fls.doubleclick.net,142.250.192.70_142.250.192.38_,412,/127.0.0.1
yellowpages.com,151.138.15.18_208.93.105.116_,202,/127.0.0.1
zbut.bg,164.138.217.157,404,/127.0.0.1
mapsmarker.com,178.63.243.166,428,/127.0.0.1
codeable.io,35.244.162.145,407,/127.0.0.1
nichd.nih.gov,107.162.144.93,200,/127.0.0.1
kimstim.com,162.241.218.64,418,/127.0.0.1
bronto.com,23.215.197.85,406,/127.0.0.1
safercar.gov,204.68.194.196,391,/127.0.0.1
covid19.who.int,104.18.156.21_104.18.155.21_,234,/127.0.0.1
8060939.fls.doubleclick.net,142.250.192.38,418,/127.0.0.1
ksh.hu,84.206.40.194,402,/127.0.0.1
castanicast.blogspot.com,142.250.183.129,397,/127.0.0.1
liveforlivemusic.com,35.237.227.226,411,/127.0.0.1
menumania.co.nz,null,188,/127.0.0.1
creare.co.uk,37.59.109.203,477,/127.0.0.1
mbaworld.com,195.8.66.1,86,/127.0.0.1
americanrhetoric.com,208.78.225.11,421,/127.0.0.1
signal.group,172.64.146.6_104.18.41.250_104.18.27.114_104.18.26.114_,522,/127.0.0.1
24-7pressrelease.com,104.26.4.183_172.67.75.35_104.26.5.183_,399,/127.0.0.1
makeandtakes.com,172.67.132.165,411,/127.0.0.1
acheterfollowersfacilement.com,77.111.241.111,514,/127.0.0.1
stat.gouv.qc.ca,68.67.53.19,243,/127.0.0.1
globalis.gvu.unu.edu,null,378,/127.0.0.1
6312486.fls.doubleclick.net,142.250.192.38,265,/127.0.0.1
mccauslandcenter.sc.edu,129.252.1.47,428,/127.0.0.1
mofad.org,198.49.23.145,281,/127.0.0.1
cliquemusic.uol.com.br,200.147.0.121,199,/127.0.0.1
gesetze-im-internet.de,null_null_null_null_null_,406,/127.0.0.1
deque.com,104.22.73.96_172.67.42.203_,388,/127.0.0.1
robertdevore.com,104.21.76.202_172.67.200.180_,428,/127.0.0.1
arcor.de,45.60.74.50,366,/127.0.0.1
4369706.fls.doubleclick.net,142.250.192.70_142.250.192.38_,413,/127.0.0.1
mielections.us,104.18.240.69,213,/127.0.0.1
news.maryland.gov,null,384,/127.0.0.1
blkjl.com,112.121.182.163,411,/127.0.0.1
accessdata.com,null,253,/127.0.0.1
thecapture.club,23.236.62.147,405,/127.0.0.1
nysonglines.com,66.39.49.39,696,/127.0.0.1
visitdublin.com,51.104.177.159,88,/127.0.0.1
bps.ac.uk,139.162.254.72,393,/127.0.0.1
falundafa.org,104.18.10.198,276,/127.0.0.1
jboss.com,null,380,/127.0.0.1
loox.io,104.26.6.186,209,/127.0.0.1
indonesianormal48.weebly.com,199.34.228.54_199.34.228.53_,401,/127.0.0.1
akademienunion.de,92.205.51.119,276,/127.0.0.1
interfaithfamily.com,199.16.172.111,76,/127.0.0.1
ub.es,161.116.109.141,310,/127.0.0.1
lmsal.com,166.21.250.149,279,/127.0.0.1
insidebayarea.com,null_null_null_null_null_,396,/127.0.0.1
splicky.com,49.13.113.96,516,/127.0.0.1
moroccanzest.com,35.188.129.55,392,/127.0.0.1
karenmillen.com,34.213.106.51,408,/127.0.0.1
tsaiyingchun.myorganogold.com,104.18.8.32_104.18.9.32_,213,/127.0.0.1
zesco.co.zm,102.67.160.250,391,/127.0.0.1
dharma-haven.org,209.237.150.20,394,/127.0.0.1
rangi.knowledge-basket.co.nz,null,257,/127.0.0.1
businessinsurance.com,18.235.142.35,201,/127.0.0.1
airinsight.com,162.159.135.42,284,/127.0.0.1
oss.software.ibm.com,199.46.34.76,215,/127.0.0.1
womany.net,104.16.75.119_104.16.76.119_,294,/127.0.0.1
miui.com,124.251.100.193,226,/127.0.0.1
exiftool.org,69.163.182.10,278,/127.0.0.1
es.wordpress.org,198.143.164.252,89,/127.0.0.1
avantbrowser.com,35.168.67.138,208,/127.0.0.1
fccincinnati.com,23.58.93.160_23.58.93.155_96.17.182.218_96.17.182.215_180.149.52.208_,419,/127.0.0.1
pgjonline.com,20.40.216.1,76,/127.0.0.1
ed2go.com,69.32.208.77,407,/127.0.0.1
mobilewebup.com,104.237.130.189,209,/127.0.0.1
9835270.fls.doubleclick.net,142.250.192.70_142.250.192.38_,406,/127.0.0.1
video.adultswim.com,null,378,/127.0.0.1
yasmarinacircuit.com,null,193,/127.0.0.1
explorenorth.com,206.130.114.173,215,/127.0.0.1
arcdigital.media,216.239.34.21_216.239.36.21_216.239.38.21_216.239.32.21_,428,/127.0.0.1
wrcc.dri.edu,134.197.190.160,406,/127.0.0.1
tripadvisor.de,151.101.130.28_151.101.2.28_151.101.66.28_,398,/127.0.0.1
wam.ae,185.54.19.210,238,/127.0.0.1
stats.ox.ac.uk,null_null_null_null_null_,402,/127.0.0.1
index.hu,81.0.120.157_81.0.120.158_194.143.245.39_213.181.199.14_213.181.199.17_,279,/127.0.0.1
fun88hello.com,null_null_null_null_null_,234,/127.0.0.1
amuseum.org,204.181.152.45,235,/127.0.0.1
libertatea.ro,172.67.18.44,424,/127.0.0.1
bertelsmann-stiftung.de,185.57.241.76,400,/127.0.0.1
latinorebels.com,45.79.174.37,394,/127.0.0.1
et.gr,null_null_,79,/127.0.0.1
rochester.edu,128.151.77.39,219,/127.0.0.1
watchtime.com,52.14.233.182,528,/127.0.0.1
xri.net,91.103.3.14,104,/127.0.0.1
merics.org,104.26.6.19_172.67.74.218